,model,family,size,tokens,flops,arc,hellaswag,mmlu,truthfulqa,winogrande,gsm8k,ifeval,bbh,math,mmlu-pro,gpqa,musr
1,bloom-1b1,bloom,1.0,0.341,2.0460000000000003,0.2832764505119454,0.4278032264489145,0.2670214825620786,0.4179716703713765,0.5501183898973955,0.0022744503411675,0.14,0.31,0.0,0.11,0.26,0.37
2,bloom-3b,bloom,3.0,0.341,6.138000000000001,0.3575085324232082,0.54371639115714,0.2659250919932785,0.4057246298885345,0.5761641673243884,0.0151630022744503,0.13,0.31,0.0,0.11,0.24,0.4
3,bloom-560m,bloom,0.56,0.341,1.14576,0.2474402730375426,0.371539533957379,0.2421541212062042,0.4244428174437842,0.5193370165745856,0.00303260045489,0.06,0.3,0.0,0.12,0.26,0.4
4,bloom-7b1,bloom,7.0,0.341,14.322,0.4112627986348123,0.6199960167297351,0.262462223757257,0.3889784219035787,0.654301499605367,0.0136467020470053,0.13,0.31,0.0,0.11,0.26,0.35
5,blossom-v5.1-34b,blossom-v5.1,34.0,3.5,714.0,0.6758,0.8583,0.7805,0.6184000000000001,0.8343,0.6557999999999999,0.57,0.61,0.14,0.45,0.31,0.39
20,dolly-v2-12b,dolly-v2,12.0,0.25,18.0,0.4240614334470989,0.7252539334793866,0.258084228257613,0.3382708132669227,0.6085240726124704,0.0121304018195602,0.24,0.33,0.01,0.11,0.24,0.37
22,dolly-v2-7b,dolly-v2,6.9,0.25,10.35,0.4454,0.6964,0.2518,0.3488,0.6006,0.0113999999999999,0.2,0.32,0.01,0.11,0.27,0.36
23,dolphin-2.9.1-yi-1.5-34b,dolphin-2.9.1-yi-1.5,34.0,3.5,714.0,0.6937000000000001,0.8553000000000001,0.7752,0.6234000000000001,0.8256,0.7301000000000001,0.39,0.61,0.15,0.45,0.34,0.46
24,dolphin-2.9.1-yi-1.5-9b,dolphin-2.9.1-yi-1.5,9.0,3.5,189.0,0.6561,0.8101999999999999,0.7081999999999999,0.5372,0.7703,0.6535,0.45,0.55,0.1,0.4,0.34,0.43
28,falcon-40b,falcon,40.0,1.0,240.0,0.6194539249146758,0.8528181637124079,0.5697970049781053,0.4171692245008122,0.8129439621152328,0.2145564821834723,0.25,0.4,0.01,0.25,0.27,0.36
30,falcon-7b,falcon,7.0,1.5,63.0,0.4786689419795222,0.7813184624576778,0.2778547015328594,0.34263825539848,0.7237569060773481,0.0462471569370735,0.18,0.33,0.01,0.11,0.24,0.38
31,falcon-7b-instruct,falcon-instruct,7.0,1.5,63.0,0.4582,0.7078,0.2566,0.4407,0.6803,0.0462,0.2,0.32,0.01,0.12,0.25,0.36
37,gemma-2b,gemma,2.0,6.0,72.0,0.4837883959044368,0.7176857199761004,0.4177314644002597,0.3308443428097746,0.6629834254143646,0.1690674753601213,0.2,0.34,0.03,0.14,0.26,0.4
38,gemma-2b-it,gemma-it,2.0,6.0,72.0,0.4393999999999999,0.627,0.3765,0.4582,0.6093,0.0546,0.27,0.32,0.0,0.14,0.28,0.33
39,gemma-7b,gemma,7.0,6.0,252.0,0.6109215017064846,0.8247361083449513,0.6602745725247715,0.4490548840372056,0.7845303867403315,0.5276724791508719,0.27,0.44,0.06,0.29,0.29,0.41
40,gemma-7b-it,gemma-it,7.0,6.0,252.0,0.5145000000000001,0.7195999999999999,0.5352,0.4729,0.6796,0.2919,0.39,0.36,0.02,0.17,0.28,0.43
42,gpt-neo-1.3b,gpt-j-neo-neox,1.3,0.38,2.9640000000000004,0.3122866894197952,0.4846644094801832,0.2482165549913705,0.3962930604436832,0.569060773480663,0.0045489006823351,0.21,0.3,0.01,0.12,0.26,0.38
44,gpt-neo-2.7b,gpt-j-neo-neox,2.7,0.42,6.804000000000001,0.333617747440273,0.5624377614021111,0.2645397884474629,0.3977795990878021,0.6006314127861089,0.0128885519332827,0.26,0.31,0.01,0.12,0.27,0.36
50,llama-13b,llama,13.0,1.0,78.0,0.5614334470989761,0.8092013543118901,0.4761058830217011,0.3947888264167134,0.7624309392265194,0.0758150113722517,0.24,0.4,0.01,0.2,0.26,0.35
51,llama-2-13b,llama-2,13.0,2.0,156.0,0.5810580204778157,0.809699263095001,0.543378428027997,0.3417240296370838,0.7663772691397001,0.2282031842304776,0.25,0.41,0.01,0.24,0.28,0.35
52,llama-2-13b-chat,llama-2-chat,13.0,2.0,156.0,0.590443686006826,0.8193586934873531,0.5411813543925467,0.4411794590119937,0.745067087608524,0.1523881728582259,0.4,0.33,0.01,0.19,0.23,0.4
53,llama-2-70b,llama-2,70.0,2.0,840.0,0.6732081911262798,0.8733320055765784,0.6983208921288624,0.4492349372188735,0.8374112075769534,0.5405610310841547,0.24,0.55,0.02,0.37,0.3,0.41
54,llama-2-70b-chat,llama-2-chat,70.0,2.0,840.0,0.6459044368600683,0.8587930691097391,0.6345350976408146,0.5280473232260097,0.8050513022888713,0.266868840030326,0.5,0.3,0.01,0.24,0.26,0.37
55,llama-2-7b,llama-2,7.0,2.0,84.0,0.5307167235494881,0.7774347739494125,0.4379609636092418,0.3898020280158031,0.7403314917127072,0.1448066717210007,0.25,0.35,0.01,0.19,0.27,0.37
56,llama-2-7b-chat,llama-2-chat,7.0,2.0,84.0,0.5290102389078498,0.7855008962358097,0.4705941276505219,0.4557037019510113,0.7174427782162589,0.0735405610310841,0.4,0.31,0.01,0.17,0.25,0.37
58,llama-3-sauerkrautlm-8b-instruct,llama-3-sauerkrautlm-instruct,8.0,15.0,720.0,0.7372,0.8941,0.6807,0.6625,0.8003,0.6496999999999999,0.74,0.49,0.06,0.39,0.31,0.42
60,llama-65b,llama,65.0,1.4,546.0,0.6348122866894198,0.8608842859988051,0.6393064176395022,0.4342876070583593,0.8255722178374112,0.3722517058377558,0.25,0.47,0.02,0.31,0.28,0.36
61,llama-7b,llama,7.0,1.0,42.0,0.5093856655290102,0.7781318462457678,0.3569330638795117,0.3432793294414406,0.7142857142857143,0.0803639120545868,0.25,0.33,0.01,0.13,0.25,0.34
62,meta-llama-3-70b,meta-llama-3,70.0,15.0,6300.0,0.6877,0.8798048197570205,0.792329338617972,0.4556236820150089,0.8531965272296764,0.7687642153146323,0.16,0.65,0.17,0.47,0.4,0.45
63,meta-llama-3-70b-instruct,meta-llama-3-instruct,70.0,15.0,6300.0,0.7142000000000001,0.8569,0.8006,0.6181,0.8287,0.8543999999999999,0.81,0.65,0.23,0.52,0.29,0.42
64,meta-llama-3-8b,meta-llama-3,8.0,15.0,720.0,0.6024,0.8201553475403306,0.6649495492503578,0.4395226511050948,0.771112865035517,0.4533737680060652,0.15,0.46,0.03,0.32,0.31,0.36
65,meta-llama-3-8b-instruct,meta-llama-3-instruct,8.0,15.0,720.0,0.6075,0.7855,0.6707,0.5165,0.7451000000000001,0.6869,0.74,0.5,0.09,0.37,0.26,0.36
76,olmo-1b,olmo,1.0,3.0,18.0,0.3456,0.636,0.2631,0.3292,0.6109,0.019,0.22,0.31,0.01,0.12,0.26,0.41
77,olmo-7b,olmo,7.0,2.5,105.0,0.4564999999999999,0.7731,0.2813,0.3593,0.6938,0.0379,0.27,0.33,0.01,0.12,0.27,0.35
83,openhermes-13b,openhermes,13.0,2.0,156.0,0.5981000000000001,0.8223999999999999,0.5635,0.4600999999999999,0.7545000000000001,0.1159999999999999,0.27,0.42,0.01,0.24,0.27,0.4
84,openhermes-7b,openhermes,7.0,2.0,84.0,0.5614,0.7831999999999999,0.4861999999999999,0.45,0.7451000000000001,0.05,0.18,0.36,0.01,0.19,0.27,0.43
85,opt-1.3b,opt,1.3,0.18,1.404,0.295221843003413,0.545309699263095,0.2496304582561669,0.387106757904831,0.5974743488555643,0.001516300227445,0.24,0.31,0.01,0.11,0.24,0.34
89,opt-30b,opt,30.0,0.18,32.4,0.4325938566552901,0.7406891057558256,0.2665873003529109,0.351638262847476,0.7063930544593529,0.0219863532979529,0.25,0.31,0.01,0.12,0.27,0.36
93,orca-2-13b,orca-2,13.0,2.0,156.0,0.6092,0.7985,0.603,0.5642,0.7656000000000001,0.3782999999999999,0.31,0.49,0.01,0.27,0.28,0.51
94,orca-2-7b,orca-2,7.0,2.0,84.0,0.541,0.7619,0.5637,0.5245000000000001,0.7348,0.1471,0.22,0.45,0.01,0.23,0.26,0.5
95,orca_mini_v3_13b,orca_mini_v3_,13.0,2.0,156.0,0.6314,0.8234999999999999,0.5652,0.5181,0.7648,0.1311999999999999,0.29,0.47,0.02,0.23,0.27,0.46
97,orca_mini_v3_7b,orca_mini_v3_,7.0,2.0,84.0,0.5690999999999999,0.7964,0.5236999999999999,0.5051,0.7426999999999999,0.0713,0.28,0.41,0.0,0.21,0.25,0.5
103,pythia-12b,pythia,12.0,0.25,18.0,0.3959,0.6881999999999999,0.2676,0.3185,0.6417,0.0174,0.25,0.32,0.01,0.11,0.25,0.36
104,pythia-160m,pythia,0.16,0.25,0.24,0.2278,0.3034,0.2495,0.4426,0.5154,0.0023,0.18,0.3,0.0,0.11,0.26,0.42
106,pythia-2.8b,pythia,2.8,0.25,4.199999999999999,0.3626279863481229,0.6065524795857399,0.2678463743419206,0.3555978234501585,0.6022099447513812,0.0083396512509476,0.22,0.32,0.01,0.11,0.25,0.35
107,pythia-410m,pythia,0.41,0.25,0.615,0.2619,0.4085,0.2725,0.4122,0.5312,0.0068,0.22,0.3,0.0,0.11,0.26,0.36
108,pythia-6.9b,pythia,6.9,0.25,10.35,0.4129692832764505,0.6704839673371839,0.2648094407333687,0.3519458488266109,0.6408839779005525,0.0166793025018953,0.23,0.32,0.01,0.11,0.25,0.36
113,qwen1.5-0.5b,qwen1.5,0.5,2.4,7.199999999999999,0.3148464163822526,0.4905397331208923,0.3935334081217579,0.3829926844374736,0.5722178374112076,0.1630022744503411,0.17,0.32,0.0,0.13,0.25,0.36
114,qwen1.5-0.5b-chat,qwen1.5-chat,0.5,2.4,7.199999999999999,0.3055,0.4407,0.3382,0.4295,0.5462,0.0766,0.18,0.32,0.0,0.12,0.27,0.38
115,qwen1.5-1.8b,qwen1.5,1.8,2.4,25.92,0.378839590443686,0.6142202748456482,0.4670838530175782,0.3942781424608406,0.6029992107340174,0.335860500379075,0.22,0.35,0.02,0.19,0.31,0.36
116,qwen1.5-1.8b-chat,qwen1.5-chat,1.8,2.4,25.92,0.3874,0.6002000000000001,0.4587,0.4061999999999999,0.5967,0.1903,0.2,0.33,0.0,0.18,0.3,0.43
119,qwen1.5-14b,qwen1.5,14.0,4.0,336.0,0.5656996587030717,0.810794662417845,0.6936026470831474,0.5206092394796343,0.7348066298342542,0.6762699014404853,0.29,0.51,0.16,0.36,0.29,0.42
120,qwen1.5-14b-chat,qwen1.5-chat,14.0,4.0,336.0,0.5870000000000001,0.8227,0.6857,0.6036,0.7309,0.3063,0.48,0.52,0.0,0.36,0.27,0.44
121,qwen1.5-32b,qwen1.5,32.0,4.0,768.0,0.6356655290102389,0.8500298745269866,0.7429961283965313,0.5739444338569583,0.8145224940805051,0.6110689916603488,0.33,0.57,0.27,0.45,0.33,0.43
122,qwen1.5-32b-chat,qwen1.5-chat,32.0,4.0,768.0,0.6604000000000001,0.8549,0.7498999999999999,0.6695,0.7719,0.0705,0.55,0.61,0.07,0.45,0.31,0.42
123,qwen1.5-4b,qwen1.5,4.0,2.4,57.6,0.4846416382252559,0.7157936666002789,0.5652351963993337,0.4727318979180884,0.6621941594317285,0.5223654283548143,0.24,0.41,0.02,0.25,0.28,0.36
124,qwen1.5-4b-chat,qwen1.5-chat,4.0,2.4,57.6,0.4326,0.6973,0.5555,0.4478999999999999,0.6496,0.0243,0.32,0.4,0.01,0.24,0.27,0.4
127,qwen1.5-7b,qwen1.5,7.0,4.0,168.0,0.5418088737201365,0.7851025692093209,0.6197002168140558,0.5108227702127015,0.712707182320442,0.535253980288097,0.27,0.46,0.04,0.29,0.3,0.41
128,qwen1.5-7b-chat,qwen1.5-chat,7.0,4.0,168.0,0.5589,0.7856000000000001,0.617,0.5365,0.6779999999999999,0.1319,0.44,0.45,0.0,0.3,0.3,0.38
129,qwen2-0.5b,qwen2,0.5,12.0,36.0,0.3191,0.4874,0.4517,0.3977,0.5579999999999999,0.3571,0.19,0.33,0.03,0.17,0.26,0.38
131,qwen2-1.5b,qwen2,1.5,7.0,63.0,0.4428,0.6667000000000001,0.5726,0.4592,0.6487999999999999,0.5579999999999999,0.21,0.36,0.06,0.26,0.26,0.37
133,qwen2-72b,qwen2,72.0,7.0,3024.0,0.6877,0.8726999999999999,0.8379000000000001,0.5474,0.8445,0.8529000000000001,0.38,0.66,0.29,0.57,0.39,0.47
135,qwen2-7b,qwen2,7.0,7.0,294.0,0.5972999999999999,0.7981999999999999,0.7045,0.5314,0.7434999999999999,0.7293000000000001,0.31,0.53,0.19,0.42,0.3,0.44
137,recurrentgemma-2b,recurrentgemma,2.0,2.0,24.0,0.4693,0.7248,0.3438,0.3500999999999999,0.6827,0.1568999999999999,0.3,0.32,0.02,0.12,0.25,0.34
138,recurrentgemma-2b-it,recurrentgemma-it,2.0,2.0,24.0,0.3097,0.5626,0.4086999999999999,0.4281,0.6417,0.1008,0.29,0.33,0.02,0.14,0.26,0.34
149,sauerkrautlm-gemma-2b,sauerkrautlm-gemma,2.0,6.0,72.0,0.4871999999999999,0.7141,0.429,0.3577,0.6796,0.2676,0.25,0.34,0.02,0.15,0.26,0.37
150,sauerkrautlm-gemma-7b,sauerkrautlm-gemma,7.0,6.0,252.0,0.5998,0.8190999999999999,0.6376,0.61,0.7664,0.6368,0.34,0.42,0.05,0.3,0.29,0.36
162,starcoder2-15b,starcoder2,15.0,4.3,387.0,0.4735494880546075,0.6409081856203943,0.5134583865906562,0.378734193251474,0.6385161799526441,0.5223654283548143,0.27,0.44,0.05,0.24,0.27,0.35
163,starcoder2-3b,starcoder2,3.0,3.3,59.4,0.3455631399317406,0.4761999601672974,0.3864860206508294,0.4048698237422491,0.5453827940015785,0.1963608794541319,0.2,0.35,0.01,0.16,0.24,0.34
164,starcoder2-7b,starcoder2,7.0,3.7,155.4,0.3831058020477815,0.5191196972714599,0.4121331864479663,0.4199349765667209,0.5919494869771112,0.2509476876421531,0.22,0.37,0.03,0.16,0.25,0.38
175,yi-1.5-34b,yi-1.5,34.0,3.5,714.0,0.6578,0.8611,0.78,0.5384,0.8406,0.7323999999999999,0.28,0.6,0.14,0.47,0.37,0.42
176,yi-1.5-34b-chat,yi-1.5-chat,34.0,3.5,714.0,0.7048000000000001,0.8597,0.7707999999999999,0.6215999999999999,0.8161,0.7165,0.61,0.61,0.23,0.45,0.36,0.43
177,yi-1.5-6b,yi-1.5,6.0,3.5,126.0,0.5725,0.7792,0.6473,0.4402,0.7514,0.5034000000000001,0.26,0.45,0.06,0.31,0.31,0.44
178,yi-1.5-6b-chat,yi-1.5-chat,6.0,3.5,126.0,0.6067,0.7887000000000001,0.6424,0.5257000000000001,0.7356,0.6709999999999999,0.48,0.46,0.13,0.32,0.32,0.44
179,yi-1.5-9b,yi-1.5,9.0,3.5,189.0,0.6186,0.8037000000000001,0.7073,0.4674,0.7798,0.627,0.29,0.51,0.1,0.39,0.38,0.43
180,yi-1.5-9b-chat,yi-1.5-chat,9.0,3.5,189.0,0.6365,0.8094,0.7101000000000001,0.5267000000000001,0.7719,0.7187,0.6,0.56,0.12,0.4,0.33,0.43
181,yi-34b,yi,34.0,3.0,612.0,0.6459044368600683,0.8569010157339175,0.7635156727391681,0.5623083932983032,0.8303078137332282,0.5064442759666414,0.3,0.55,0.04,0.44,0.37,0.41
184,yi-6b,yi,6.0,3.0,108.0,0.5554607508532423,0.7656841266679945,0.6410709139827397,0.4196160749943391,0.7419100236779794,0.1213040181956027,0.29,0.43,0.02,0.3,0.27,0.39
187,yi-9b,yi,9.0,3.8,205.2,0.6118,0.7881999999999999,0.7006,0.4245,0.7751,0.4897999999999999,0.27,0.49,0.04,0.36,0.32,0.41
383,meta-llama-3-8bee,meta-llama-3-ee,8.0,15.0,720.0,0.5861774744027304,0.8147779326827326,0.660129517443997,0.4289641772027726,0.771112865035517,0.39878695981804396,0.19506575885317623,0.24199032699797488,0.04154078549848943,0.2466385933806146,0.08501118568232664,0.062424479166666665
990,llama-3-8b-ita,llama-3-ita,8.0,15.0,720.0,0.7295221843003413,0.8907588129854611,0.6807648287525648,0.657869692446294,0.8018942383583267,0.6580742987111448,0.753029738870641,0.28077745566893725,0.06268882175226587,0.3169141548463357,0.0738255033557047,0.116796875
1518,pantheon-rp-1.0-8b-llama-3,pantheon-rp-1.0-llama-3,8.0,15.0,720.0,0.5989761092150171,0.8388767177853018,0.6643599356524145,0.5382707080772854,0.770323599052881,0.5072024260803639,0.39325212657969744,0.23631914688111305,0.057401812688821746,0.22964686761229317,0.03467561521252797,0.055049479166666665
1583,zephyr-7b-gemma-v0.1,zephyr-gemma-v0.1,7.0,6.0,252.0,0.5844709897610921,0.8347938657637921,0.6068267869222415,0.5207310735270693,0.7419100236779795,0.45564821834723274,0.3363741539116212,0.23751162749201274,0.0755287009063444,0.20526743498817968,0.059284116331096204,0.041794270833333334
2448,llama-3-8b-instruct-v0.8,llama-3-instruct-v0.8,8.0,15.0,720.0,0.7167235494880546,0.8777136028679547,0.682991169221307,0.6389986056898658,0.7908445146014206,0.6846095526914329,0.7527549125209998,0.28270418759783483,0.07854984894259819,0.31700650118203305,0.0738255033557047,0.10924739583333334
2449,llama-3-8b-instruct-v0.9,llama-3-instruct-v0.9,8.0,15.0,720.0,0.7235494880546075,0.881696873132842,0.6810423906062162,0.6467478223824551,0.7995264404104183,0.6648976497346475,0.763046494412603,0.27903013285410183,0.0755287009063444,0.3161753841607564,0.07718120805369126,0.09850260416666666
2672,luminia-13b-v3,luminia-v3,13.0,2.0,156.0,0.5247440273037542,0.7608046205935072,0.536020812263416,0.4373610781301898,0.7261247040252566,0.04245640636846096,0.25231829323971505,0.17690523920374848,0.013595166163141994,0.13499187352245862,0.026845637583892648,0.08891666666666667
2782,hermes-2-pro-llama-3-8b,hermes-2-pro-llama-3,8.0,15.0,720.0,0.6348122866894198,0.8322047400916152,0.6479850156958107,0.5656013468112259,0.7640094711917916,0.6793025018953753,0.5361839918084017,0.30667993420825,0.06193353474320242,0.22798463356973994,0.057046979865771785,0.11246614583333335
2784,hermes-2-theta-llama-3-8b,hermes-2-theta-llama-3,8.0,15.0,720.0,0.6313993174061433,0.8256323441545509,0.6651191133673278,0.5574103812875774,0.7655880031570639,0.7073540561031083,0.6517883659800441,0.32046073848075834,0.09592145015105741,0.26316858747044913,0.07158836689038028,0.08361979166666669
4122,einstein-v6.1-llama3-8b,einstein-v6.1-llama3,8.0,15.0,720.0,0.6245733788395904,0.8241386178052181,0.6618688535137978,0.5510255717182386,0.7932123125493291,0.6611068991660347,0.45682455883721856,0.2938377348658535,0.0649546827794562,0.23675753546099287,0.04250559284116329,0.1122682291666667
4807,gemma-2b-orpo,gemma-orpo,2.0,6.0,72.0,0.49146757679180886,0.7372037442740491,0.38522806096222245,0.4453468253241183,0.6432517758484608,0.13874147081122062,0.24779695651981185,0.0794944502776896,0.012839879154078549,0.03396498226950354,0.015659955257270708,0.04128385416666667
5361,dolphin-2.9-llama3-8b,dolphin-2.9-llama3,8.0,15.0,720.0,0.5870307167235495,0.8055168293168691,0.6104002830421494,0.5566874852050564,0.7458563535911602,0.6444275966641395,0.38503393218881454,0.27858929260905124,0.055891238670694864,0.1967715721040189,0.04921700223713646,0.13791406250000005
6995,qwen-las-v0.1,qwen-las-v0.1,4.0,2.4,57.6,0.4641638225255973,0.6909978092013543,0.5328670202021167,0.4734814270829339,0.632991318074191,0.04700530705079606,0.3301041237250495,0.14698639898107368,0.02265861027190333,0.14727393617021275,0.0,0.0366171875
7001,qwen1.5-7b-chat-sa-v0.1,qwen1.5-chat-sa-v0.1,7.0,4.0,168.0,0.5435153583617748,0.7679745070703047,0.6130907244018474,0.5016672680458616,0.697711128650355,0.19863532979529946,0.4267742922113326,0.20302342129934098,0.030211480362537766,0.2214280437352246,0.08277404921700222,0.030598958333333325
7073,suzume-llama-3-8b-multilingual,suzume-llama-3-multilingual,8.0,15.0,720.0,0.6075085324232082,0.7948615813582953,0.666158414148644,0.48701349926756854,0.7616416732438832,0.6156178923426838,0.6678003253589365,0.2889509203723778,0.08836858006042295,0.26483082151300236,0.044742729306487705,0.07844270833333336
7532,orpollama-3-8b,orpollama-3,8.0,15.0,720.0,0.591296928327645,0.8241386178052181,0.6576439370548328,0.5239701912128801,0.7829518547750592,0.45943896891584535,0.36527524745453177,0.2195410762879941,0.04531722054380666,0.18947621158392433,0.039149888143176735,0.04008854166666667
7944,openchat-3.6-8b-20240522,openchat-3.6-20240522,8.0,15.0,720.0,0.6245733788395904,0.8086038637721571,0.6655794977263308,0.48423292908023485,0.7876874506708761,0.7179681576952237,0.5343355629729118,0.3323293691836929,0.08308157099697885,0.24765440307328607,0.09060402684563762,0.08181770833333334
8752,llamantino-3-anita-8b-inst-dpo-ita,llamantino-3-anita-inst-dpo-ita,8.0,15.0,720.0,0.7457337883959044,0.927504481179048,0.668498558453034,0.7592807034986255,0.8200473559589583,0.5860500379075056,0.4815046299374548,0.27990827697552745,0.04380664652567976,0.3026004728132387,0.06487695749440718,0.13242447916666664
8989,configurable-hermes-2-pro-llama-3-8b,configurable-hermes-2-pro-llama-3,8.0,15.0,720.0,0.6382252559726962,0.8348934475204143,0.6522610479317345,0.6250621031182334,0.771112865035517,0.6846095526914329,0.5762510139762497,0.30509624748954783,0.06344410876132932,0.2330636820330969,0.06263982102908276,0.10062239583333334
